{"cameraMode":{"drawMode":0,"name":"Shaded","section":"Shading Mode"},"sceneLighting":true,"audioPlay":false,"sceneViewState":{"m_AlwaysRefresh":false,"showFog":true,"showSkybox":true,"showFlares":true,"showImageEffects":true,"showParticleSystems":true,"showVisualEffectGraphs":true,"m_FxEnabled":true},"in2DMode":false,"pivot":{"x":-208.62847900390626,"y":-20.938751220703126,"z":0.691455602645874},"rotation":{"x":0.17737314105033875,"y":-0.6558311581611633,"z":0.16258491575717927,"w":0.7155250906944275},"size":159.0099639892578,"orthographic":true}