{"cameraMode":{"drawMode":0,"name":"Shaded","section":"Shading Mode"},"sceneLighting":true,"audioPlay":false,"sceneViewState":{"m_AlwaysRefresh":false,"showFog":true,"showSkybox":true,"showFlares":true,"showImageEffects":true,"showParticleSystems":true,"showVisualEffectGraphs":true,"m_FxEnabled":true},"in2DMode":false,"pivot":{"x":0.021432161331176759,"y":4.2240471839904789,"z":2.839916706085205},"rotation":{"x":0.3593102693557739,"y":-0.2390027642250061,"z":0.09573305398225784,"w":0.8969887495040894},"size":43.02262878417969,"orthographic":true}